"ranking","step","site","site_cost","site_gain","site_value","n_sites","cost","gain","value","cov30","cov80"
1,0,NA,NA,NA,NA,0,0,0,0.937234183401209,0.996035678055464,0.185251965313845
1,1,478,10.4606955708005,0.42780269058296,0.000538760601333621,1,10.4606955708005,0.42780269058296,0.937772944002542,0.996035678055464,0.189830133410715
1,2,911,13.8573796255514,0.816143497757848,0.000483557996773687,2,24.3180751963519,1.24394618834081,0.938256501999316,0.99604033638769,0.189830133410715
1,3,740,11.17971211439,0.662780269058296,0.000381651111660775,3,35.4977873107418,1.9067264573991,0.938638153110977,0.99604033638769,0.189830133410715
1,4,978,16.9284699088894,0.876233183856502,0.000375388577337654,4,52.4262572196312,2.78295964125561,0.939013541688314,0.996058375885607,0.189830133410715
1,5,730,32.626136620529,0.653811659192825,0.000569484098688178,5,85.0523938401602,3.43677130044843,0.939583025787003,0.996058375885607,0.189830133410715
1,6,512,91.7058698134497,0.458295964125561,0.00123577632317984,6,176.75826365361,3.89506726457399,0.940818802110182,0.996058375885607,0.189830133410715
1,7,1015,28.9991203392856,0.909417040358744,0.000374188171314405,7,205.757383992895,4.80448430493274,0.941192990281497,0.996182398333207,0.189830133410715
1,8,912,61.676629697904,0.817040358744395,0.000757103180333396,8,267.434013690799,5.62152466367713,0.94195009346183,0.996182398333207,0.189831450839213
1,9,848,19.0881463442929,0.759641255605381,0.000221569462183435,9,286.522160035092,6.38116591928251,0.942171662924014,0.996182398333207,0.189831450839213
1,10,535,49.1042058751918,0.478923766816143,0.000545515254126827,10,335.626365910284,6.86008968609866,0.94271717817814,0.996182398333207,0.195547197887231
1,11,542,100.728247847874,0.485201793721973,0.00110639676996271,11,436.354613758158,7.34529147982063,0.943823574948103,0.996182398333207,0.201926831028463
1,12,691,49.3828306463547,0.618834080717489,0.000489253469112882,12,485.737444404513,7.96412556053812,0.944312828417216,0.996182398333207,0.202794450016265
1,13,1078,39.6404271596111,0.965919282511211,0.000334233725585054,13,525.377871564124,8.93004484304933,0.944647062142801,0.996197029009777,0.202794450016265
1,14,788,28.580535009969,0.705829596412556,0.000237170136631604,14,553.958406574093,9.63587443946188,0.944884232279433,0.996197029009777,0.202794450016265
1,15,607,154.819237396587,0.543497757847534,0.00126633951732491,15,708.77764397068,10.1793721973094,0.946150571796758,0.996197029009777,0.202794450016265
1,16,922,51.5003034868278,0.826008968609866,0.000398276019361599,16,760.277947457507,11.0053811659193,0.946548847816119,0.996197029009777,0.202794450016265
1,17,668,165.596146897878,0.598206278026906,0.00122079532170016,17,925.874094355386,11.6035874439462,0.947769643137819,0.996197029009777,0.202838956154921
1,18,703,32.9130472592078,0.629596412556054,0.0002401762060672,18,958.787141614594,12.2331838565022,0.948009819343887,0.996197029009777,0.202838956154921
1,19,471,102.977441018447,0.42152466367713,0.000709606160038678,19,1061.76458263304,12.6547085201794,0.948719425503925,0.996197029009777,0.202838956154921
1,20,314,64.7489070682786,0.280717488789238,0.000431046396027202,20,1126.51348970132,12.9354260089686,0.949150471899952,0.996197029009777,0.20884085892894
1,21,658,65.8184031071141,0.589237668161435,0.00042536098206658,21,1192.33189280843,13.52466367713,0.949575832882019,0.996197029009777,0.214099073311058
1,22,448,155.613267468289,0.400896860986547,0.000936464797324565,22,1347.94516027672,13.9255605381166,0.950512297679344,0.996197029009777,0.23213576223753
1,23,881,116.22170838993,0.789237668161435,0.000657236103920988,23,1464.16686866665,14.714798206278,0.951169533783265,0.996197029009777,0.23213576223753
1,24,289,64.0828180103563,0.258295964125561,0.000359661680167989,24,1528.24968667701,14.9730941704036,0.951529195463433,0.996197029009777,0.233339549143534
1,25,671,29.8732691048644,0.600896860986547,0.000163152143716983,25,1558.12295578187,15.5739910313901,0.95169234760715,0.996197029009777,0.233339549143534
1,26,439,108.451365113724,0.392825112107623,0.000569554926937998,26,1666.5743208956,15.9668161434978,0.952261902534088,0.996197029009777,0.234541265799075
1,27,831,14.0658710640855,0.744394618834081,7.06424976260056e-05,27,1680.64019195968,16.7112107623318,0.952332545031714,0.996197029009777,0.234541265799075
1,28,504,89.1731832013465,0.451121076233184,0.000444023714887165,28,1769.81337516103,17.162331838565,0.952776568746601,0.996197029009777,0.234541265799075
1,29,544,284.086521747522,0.486995515695067,0.00130864802222541,29,2053.89989690855,17.6493273542601,0.954085216768826,0.996197029009777,0.234542288640357
1,30,605,182.243978588376,0.54170403587444,0.000809667900861233,30,2236.14387549693,18.1910313901345,0.954894884669687,0.996197029009777,0.236662561543964
1,31,479,225.071078883484,0.428699551569507,0.000918149363163256,31,2461.21495438041,18.619730941704,0.955813034032851,0.996197029009777,0.241088172793904
1,32,897,29.8677815357223,0.803587443946188,0.000114984008908081,32,2491.08273591613,19.4233183856502,0.955928018041759,0.996197029009777,0.241088172793904
1,33,1046,85.1022263336927,0.937219730941704,0.000322732027882799,33,2576.18496224983,20.3605381165919,0.956250750069642,0.996197029009777,0.241088172793904
1,34,578,28.1804428831674,0.517488789237668,0.000102107096062953,34,2604.36540513299,20.8780269058296,0.956352857165705,0.996197029009777,0.241088172793904
1,35,754,80.9137554559857,0.675336322869955,0.000275084126255098,35,2685.27916058898,21.5533632286996,0.95662794129196,0.996197029009777,0.241088172793904
1,36,225,62.3155033448711,0.200896860986547,0.000201444467085254,36,2747.59466393385,21.7542600896861,0.956829385759045,0.996197029009777,0.243536187019912
1,37,574,429.229014469311,0.51390134529148,0.00132117769039597,37,3176.82367840316,22.2681614349776,0.958150563449441,0.996197029009777,0.257727465568601
1,38,850,138.74414938502,0.761434977578475,0.000421582057377412,38,3315.56782778818,23.0295964125561,0.958572145506818,0.996197029009777,0.257727465568601
1,39,1048,22.9771338333376,0.939013452914798,6.60003795960318e-05,39,3338.54496162152,23.9686098654709,0.958638145886414,0.996197029009777,0.257727465568601
1,40,282,145.735020195134,0.252017937219731,0.000362749182841959,40,3484.27998181665,24.2206278026906,0.959000895069256,0.996197029009777,0.283215941633685
1,41,440,169.554105065763,0.39372197309417,0.000410591033356944,41,3653.83408688242,24.6143497757848,0.959411486102613,0.996197029009777,0.283215941633685
1,42,511,470.066636414267,0.457399103139013,0.00110822798663024,42,4123.90072329668,25.0717488789238,0.960519714089243,0.996197029009777,0.288387862833291
1,43,564,209.069809936918,0.504932735426009,0.000472724264402036,43,4332.9705332336,25.5766816143498,0.960992438353645,0.996197029009777,0.293901550516519
1,44,673,95.4151143459603,0.602690582959641,0.000213393615172142,44,4428.38564757956,26.1793721973094,0.961205831968818,0.996197029009777,0.293901550516519
1,45,636,227.783345947973,0.569506726457399,0.000498968304503911,45,4656.16899352754,26.7488789237668,0.961704800273322,0.996197029009777,0.313201003927432
1,46,510,347.908071111888,0.456502242152466,0.000736488388077383,46,5004.07706463942,27.2053811659193,0.962441288661399,0.996197029009777,0.332575919177856
1,47,408,91.677718332503,0.365022421524664,0.000184626759424322,47,5095.75478297193,27.5704035874439,0.962625915420823,0.996197029009777,0.332576295541951
1,48,416,200.103085539304,0.37219730941704,0.000395619670830238,48,5295.85786851123,27.942600896861,0.963021535091653,0.996197029009777,0.340699222660844
1,49,481,223.014823314734,0.430493273542601,0.000426513237458237,49,5518.87269182596,28.3730941704036,0.963448048329112,0.996197029009777,0.344049027601145
1,50,700,362.203950076364,0.626905829596413,0.000686731919316896,50,5881.07664190233,29,0.964134780248429,0.996197029009777,0.357558164235421
1,51,954,53.5269590979442,0.854708520179372,0.000100884047768868,51,5934.60360100027,29.8547085201794,0.964235664296197,0.99998171739279,0.357558164235421
1,52,690,261.282588532194,0.617937219730942,0.000471970960799206,52,6195.88618953247,30.4726457399103,0.964707635256997,0.99998171739279,0.37127462548974
1,53,449,364.47639378719,0.401793721973094,0.000641424575470118,53,6560.36258331966,30.8744394618834,0.965349059832467,0.99998171739279,0.395086068691292
1,54,257,176.380202432629,0.229596412556054,0.000308529770752464,54,6736.74278575229,31.1040358744395,0.965657589603219,0.99998171739279,0.39715253994115
1,55,670,181.782568690833,0.6,0.000315499268728314,55,6918.52535444312,31.7040358744395,0.965973088871948,0.99998171739279,0.397936308709312
1,56,502,372.777030509897,0.44932735426009,0.000629790365654137,56,7291.30238495301,32.1533632286996,0.966602879237602,0.99998171739279,0.398726482097906
1,57,378,216.787585080601,0.338116591928251,0.000362298057987265,57,7508.08997003362,32.4914798206278,0.966965177295589,0.99998171739279,0.398726482097906
1,58,35,34.36754766386,0.0304932735426009,5.66390660000637e-05,58,7542.45751769748,32.5219730941704,0.967021816361589,0.99998171739279,0.400726006684703
1,59,638,754.517165829893,0.571300448430493,0.00120549768924094,59,8296.97468352737,33.0932735426009,0.96822731405083,0.99998171739279,0.434024965414186
1,60,98,102.659036845434,0.0869955156950672,0.000151128889314234,60,8399.6337203728,33.180269058296,0.968378442940144,0.99998171739279,0.445585875887815
1,61,575,950.089469759259,0.514798206278027,0.00138502040854749,61,9349.72319013206,33.695067264574,0.969763463348692,0.99998171739279,0.489025203335419
1,62,787,211.382930625696,0.704932735426009,0.000303732341598195,62,9561.10612075776,34.4,0.97006719569029,0.99998171739279,0.489025203335419
1,63,285,67.3789749247953,0.254708520179372,9.44528256372479e-05,63,9628.48509568255,34.6547085201794,0.970161648515927,0.99998171739279,0.489028184323747
1,64,74,10.6185255921446,0.0654708520179372,1.44545518432349e-05,64,9639.1036212747,34.7201793721973,0.97017610306777,0.99998171739279,0.489028184323747
1,65,354,171.43962593982,0.316591928251121,0.000227608983589755,65,9810.54324721452,35.0367713004484,0.97040371205136,0.99998171739279,0.491565497336366
1,66,890,230.652503736783,0.797309417040359,0.00030040282352739,66,10041.1957509513,35.8340807174888,0.970704114874888,0.99998171739279,0.494283707003706
1,67,606,803.41528785415,0.542600896860987,0.000998661421539371,67,10844.6110388055,36.3766816143498,0.971702776296427,0.99998171739279,0.530533058630638
1,68,899,60.3713124804199,0.805381165919283,7.35402294931298e-05,68,10904.9823512859,37.1820627802691,0.97177631652592,0.99998171739279,0.530533058630638
1,69,441,290.162942071911,0.394618834080718,0.000352822088677707,69,11195.1452933578,37.5766816143498,0.972129138614598,0.99998171739279,0.530533058630638
1,70,943,395.278619802557,0.844843049327354,0.000475698634184618,70,11590.4239131603,38.4215246636771,0.972604837248782,0.99998171739279,0.530543051628039
1,71,288,233.627568590455,0.257399103139013,0.000274713772381308,71,11824.0514817508,38.6789237668161,0.972879551021164,0.99998171739279,0.54918493373532
1,72,128,100.133559885435,0.11390134529148,0.000116757338610607,72,11924.1850416362,38.7928251121076,0.972996308359774,0.99998171739279,0.559082373367773
1,73,547,90.6518944189884,0.489686098654708,0.000103358136270715,73,12014.8369360552,39.2825112107623,0.973099666496045,0.99998171739279,0.559791985647057
1,74,533,452.566624905448,0.477130044843049,0.000510349243125763,74,12467.4035609607,39.7596412556054,0.973610015739171,0.99998171739279,0.569905582557251
1,75,699,434.326960439794,0.626008968609865,0.000474891899495455,75,12901.7305214005,40.3856502242153,0.974084907638666,0.99998171739279,0.575567904069162
1,76,567,401.301223824266,0.50762331838565,0.0004083309739501,76,13303.0317452247,40.8932735426009,0.974493238612616,0.99998171739279,0.582219960549567
1,77,862,51.9370719930157,0.77219730941704,5.19304093969941e-05,77,13354.9688172177,41.6654708520179,0.974545169022013,0.99998171739279,0.582219960549567
1,78,543,833.786696472671,0.48609865470852,0.000829599338405207,78,14188.7555136904,42.1515695067265,0.975374768360418,0.99998171739279,0.594929208011841
1,79,503,294.229129385203,0.450224215246637,0.000285276588229744,79,14482.9846430756,42.6017937219731,0.975660044948648,0.99998171739279,0.612314381109649
1,80,344,232.822617318016,0.30762331838565,0.00021955050448863,80,14715.8072603936,42.9094170403587,0.975879595453137,0.99998171739279,0.613413682461262
1,81,514,401.704033573624,0.460089686098655,0.000376589800939908,81,15117.5112939673,43.3695067264574,0.976256185254077,0.99998171739279,0.613471541550549
1,82,888,304.745847387239,0.795515695067265,0.000282986002401397,82,15422.2571413545,44.1650224215247,0.976539171256478,0.99998171739279,0.614348753564558
1,83,637,954.4117352576,0.570403587443946,0.000858279564867948,83,16376.6688766121,44.7354260089686,0.977397450821346,0.99998171739279,0.630007692226723
1,84,818,134.821957573295,0.732735426008969,0.000120492428495766,84,16511.4908341854,45.4681614349776,0.977517943249842,0.99998171739279,0.630007692226723
1,85,284,232.735475909431,0.253811659192825,0.000199318722945652,85,16744.2263100948,45.7219730941704,0.977717261972788,0.99998171739279,0.636190186987964
1,86,958,70.649988183286,0.85829596412556,6.03423947381776e-05,86,16814.8762982781,46.580269058296,0.977777604367526,0.99998171739279,0.636190186987964
1,87,849,243.872586572543,0.760538116591928,0.000206923585946317,87,17058.7488848506,47.3408071748879,0.977984527953472,0.99998171739279,0.636190186987964
1,88,859,84.3937248457223,0.769506726457399,7.0296987537799e-05,88,17143.1426096964,48.1103139013453,0.97805482494101,0.99998171739279,0.636190186987964
1,89,1077,278.694914646912,0.965022421524664,0.000229413507492948,89,17421.8375243433,49.07533632287,0.978284238448503,0.99998171739279,0.639532345086975
1,90,470,812.294085521717,0.420627802690583,0.000657419556633787,90,18234.131609865,49.4959641255606,0.978941658005137,0.99998171739279,0.649880209327968
1,91,762,243.97649011109,0.682511210762332,0.000196507774369636,91,18478.1080999761,50.1784753363229,0.979138165779506,0.99998171739279,0.652040838653395
1,92,480,707.823523210827,0.429596412556054,0.000564034582098749,92,19185.9316231869,50.6080717488789,0.979702200361605,0.99998171739279,0.654360671707563
1,93,287,74.2790169804357,0.256502242152466,5.66212239945241e-05,93,19260.2106401674,50.8645739910314,0.9797588215856,0.99998171739279,0.654361660861423
1,94,315,361.235266539734,0.281614349775785,0.000271549133401328,94,19621.4459067071,51.1461883408072,0.980030370719001,0.99998171739279,0.655859136364965
1,95,851,332.970815245062,0.762331838565022,0.000248369399752368,95,19954.4167219521,51.9085201793722,0.980278740118753,0.99998171739279,0.655894642976652
1,96,483,314.686235554982,0.432286995515695,0.000231356506901759,96,20269.1029575071,52.3408071748879,0.980510096625655,0.99998171739279,0.661901019937672
1,97,627,281.013757095207,0.561434977578475,0.000205488251312502,97,20550.1167146023,52.9022421524664,0.980715584876967,0.99998171739279,0.664062605872679
1,98,868,123.111727512442,0.777578475336323,8.93996787015849e-05,98,20673.2284421148,53.6798206278027,0.980804984555669,0.99998171739279,0.664062605872679
1,99,889,266.832403447479,0.796412556053812,0.000191983107393545,99,20940.0608455623,54.4762331838565,0.980996967663063,0.99998171739279,0.669764366796228
1,100,669,650.586776526179,0.599103139013453,0.000464556052376053,100,21590.6476220884,55.07533632287,0.981461523715439,0.99998171739279,0.679101900313039
1,101,659,507.879221059848,0.590134529147982,0.000360209736731343,101,22098.5268431483,55.665470852018,0.98182173345217,0.99998171739279,0.688324280364523
1,102,346,376.512650502846,0.309417040358744,0.000249502958927117,102,22475.0394936511,55.9748878923767,0.982071236411097,0.99998171739279,0.699168217368793
1,103,127,162.660277814139,0.113004484304933,0.000104927262044474,103,22637.6997714653,56.0878923766816,0.982176163673142,0.99998171739279,0.699180070853776
1,104,604,325.309642255306,0.540807174887892,0.000206843235109444,104,22963.0094137206,56.6286995515695,0.982383006908251,0.99998171739279,0.700342807921739
1,105,739,329.161696354859,0.661883408071749,0.000208733387248583,105,23292.1711100754,57.2905829596413,0.9825917402955,0.99998171739279,0.700395030137859
1,106,540,281.799909980036,0.483408071748879,0.000177079228860788,106,23573.9710200555,57.7739910313902,0.98276881952436,0.99998171739279,0.700395030137859
1,107,251,264.644578988664,0.224215246636771,0.000162092541351688,107,23838.6155990441,57.9982062780269,0.982930912065712,0.99998171739279,0.706114728969578
1,108,351,145.174795098137,0.31390134529148,8.42822156716938e-05,108,23983.7903941423,58.3121076233184,0.983015194281384,0.99998171739279,0.707113420105381
1,109,345,491.547646413092,0.308520179372197,0.000283553638972367,109,24475.3380405554,58.6206278026906,0.983298747920356,0.99998171739279,0.716212310572042
1,110,415,283.289175899699,0.371300448430493,0.000161935255890366,110,24758.6272164551,58.9919282511211,0.983460683176246,0.99998171739279,0.719165448725
1,111,979,358.101495294832,0.877130044843049,0.00020105206725185,111,25116.7287117499,59.8690582959641,0.983661735243498,0.99998171739279,0.720925629513006
1,112,660,357.03932531178,0.591031390134529,0.000195082740879204,112,25473.7680370617,60.4600896860987,0.983856817984378,0.99998171739279,0.72752252266276
1,113,252,229.570055310614,0.225112107623318,0.000123623249773774,113,25703.3380923723,60.685201793722,0.983980441234151,0.99998171739279,0.735626414925001
1,114,312,470.019282475114,0.278923766816144,0.000248803613865811,114,26173.3573748474,60.9641255605381,0.984229244848017,0.99998171739279,0.743621797292127
1,115,1010,446.127793593332,0.904932735426009,0.000234806243873953,115,26619.4851684407,61.8690582959641,0.984464051091891,0.99998171739279,0.744789073396869
1,116,804,56.5237437258475,0.720179372197309,2.941548656199e-05,116,26676.0089121666,62.5892376681615,0.984493466578453,0.99998171739279,0.744789073396869
1,117,129,150.487838704139,0.114798206278027,7.78666885353774e-05,117,26826.4967508707,62.7040358744395,0.984571333266988,0.99998171739279,0.746886533120875
1,118,573,591.586753346492,0.513004484304933,0.000301392989575433,118,27418.0835042172,63.2170403587444,0.984872726256564,0.99998171739279,0.75998544710023
1,119,731,422.74540415965,0.654708520179372,0.000212502026675665,119,27840.8289083769,63.8717488789238,0.98508522828324,0.99998171739279,0.76109955876341
1,120,942,495.321956223343,0.843946188340807,0.000241507006459751,120,28336.1508646002,64.7156950672646,0.985326735289699,0.99998171739279,0.77103061141481
1,121,385,542.300411218312,0.344394618834081,0.000262839968346418,121,28878.4512758185,65.0600896860987,0.985589575258046,0.99998171739279,0.77124470159495
1,122,867,165.722333788872,0.776681614349776,7.78237433564088e-05,122,29044.1736096074,65.8367713004484,0.985667399001402,0.99998171739279,0.77124470159495
1,123,1047,397.382140336558,0.938116591928251,0.000185871747677591,123,29441.5557499439,66.7748878923767,0.98585327074908,0.99998171739279,0.775820057906816
1,124,283,402.618748676032,0.252914798206278,0.00018384235362956,124,29844.17449862,67.027802690583,0.986037113102709,0.99998171739279,0.77753927796059
1,125,576,711.947524428833,0.515695067264574,0.000309234253631274,125,30556.1220230488,67.5434977578475,0.98634634735634,0.99998171739279,0.78570395326763
1,126,409,345.919454379473,0.365919282511211,0.000146345631115596,126,30902.0414774283,67.9094170403588,0.986492692987456,0.99998171739279,0.78570395326763
1,127,887,426.575541866478,0.794618834080718,0.000178856223151613,127,31328.6170192948,68.7040358744395,0.986671549210608,0.99998171739279,0.785909496271692
1,128,793,227.2283205227,0.710313901345291,9.21849396740004e-05,128,31555.8453398175,69.4143497757848,0.986763734150282,0.99998171739279,0.789002792846198
1,129,258,410.355189207476,0.230493273542601,0.000165871032024589,129,31966.2005290249,69.6448430493274,0.986929605182306,0.99998171739279,0.791704881513467
1,130,698,105.338099587243,0.625112107623318,4.12795554710632e-05,130,32071.5386286122,70.2699551569507,0.986970884737777,0.99998171739279,0.791704912747427
1,131,1013,193.288915515877,0.90762331838565,7.54136015180817e-05,131,32264.8275441281,71.1775784753363,0.987046298339295,1,0.796683811582754
1,132,536,741.641368661076,0.479820627802691,0.000283199816541457,132,33006.4689127891,71.657399103139,0.987329498155837,1,0.816876016260345
1,133,884,157.107775472105,0.791928251121076,5.87611355994389e-05,133,33163.5766882612,72.4493273542601,0.987388259291436,1,0.820327623840216
1,134,565,653.758885380812,0.505829596412556,0.000238955113471495,134,33817.335573642,72.9551569506727,0.987627214404908,1,0.821155692126108
1,135,476,450.082122962922,0.426008968609865,0.000163102169773333,135,34267.417696605,73.3811659192825,0.987790316574681,1,0.823831953163188
1,136,988,161.722329228651,0.885201793721973,5.77548410551909e-05,136,34429.1400258336,74.2663677130045,0.987848071415736,1,0.823831953163188
1,137,803,130.059333725367,0.719282511210762,4.5778686471154e-05,137,34559.199359559,74.9856502242153,0.987893850102208,1,0.824934971561828
1,138,96,195.814208074007,0.0852017937219731,6.84135576127787e-05,138,34755.013567633,75.0708520179373,0.98796226365982,1,0.824934971561828
1,139,577,419.172354007605,0.516591928251121,0.000146123735207615,139,35174.1859216406,75.5874439461884,0.988108387395028,1,0.828509830133965
1,140,600,41.6519117983989,0.537219730941704,1.41409955438654e-05,140,35215.837833439,76.1246636771301,0.988122528390572,1,0.829584068050969
1,141,630,311.43301269738,0.564125560538117,0.000105576768194671,141,35527.2708461364,76.6887892376682,0.988228105158766,1,0.833280875818246
1,142,473,433.153997894842,0.423318385650224,0.000144995182672636,142,35960.4248440312,77.1121076233184,0.988373100341439,1,0.844815308158244
1,143,598,344.120047334582,0.53542600896861,0.000113893364392936,143,36304.5448913658,77.647533632287,0.988486993705832,1,0.846298221679464
1,144,292,109.714366481639,0.260986547085202,3.61015136197684e-05,144,36414.2592578474,77.9085201793722,0.988523095219452,1,0.846809238952466
1,145,160,225.810762036126,0.142600896860987,7.37942921947843e-05,145,36640.0700198836,78.0511210762332,0.988596889511647,1,0.846809238952466
1,146,322,302.936500851065,0.287892376681614,9.84083571144989e-05,146,36943.0065207346,78.3390134529148,0.988695297868761,1,0.846815530400948
1,147,418,328.508282389957,0.373991031390134,0.000105261007271595,147,37271.5148031246,78.713004484305,0.988800558876033,1,0.846815530400948
1,148,987,146.479782005772,0.884304932735426,4.63958406077269e-05,148,37417.9945851304,79.5973094170404,0.98884695471664,1,0.846815530400948
1,149,323,155.577841333579,0.288789237668161,4.77128273544958e-05,149,37573.5724264639,79.8860986547085,0.988894667543995,1,0.846815530400948
1,150,880,635.531673573423,0.788340807174888,0.000191749060583724,150,38209.1041000374,80.6744394618834,0.989086416604579,1,0.85340288265287
1,151,952,164.315409066621,0.852914798206278,4.92325147734007e-05,151,38373.419509104,81.5273542600897,0.989135649119352,1,0.85340288265287
1,152,735,180.502845069859,0.658295964125561,5.38558722013027e-05,152,38553.9223541738,82.1856502242153,0.989189504991553,1,0.85340288265287
1,153,158,224.723835180048,0.140807174887892,6.63488178228588e-05,153,38778.6461893539,82.3264573991031,0.989255853809376,1,0.85340288265287
1,154,226,401.267933293711,0.201793721973094,0.000116910080199095,154,39179.9141226476,82.5282511210762,0.989372763889575,1,0.853412138877834
1,155,786,466.75523753278,0.704035874439462,0.000135249812578619,155,39646.6693601804,83.2322869955157,0.989508013702154,1,0.853455727191957
1,156,722,720.705701145343,0.646636771300448,0.000206121214592403,156,40367.3750613257,83.8789237668161,0.989714134916746,1,0.855425367546799
1,157,313,716.146210709121,0.279820627802691,0.000200257136343196,157,41083.5212720348,84.1587443946188,0.98991439205309,1,0.857706259860527
1,158,822,318.158100943547,0.736322869955157,8.78531360546386e-05,158,41401.6793729784,84.895067264574,0.990002245189144,1,0.865951321833587
1,159,477,630.874722599983,0.426905829596413,0.000172865055941496,159,42032.5540955784,85.3219730941704,0.990175110245086,1,0.873978914122614
1,160,353,519.921089815907,0.315695067264574,0.000140649393907344,160,42552.4751853943,85.637668161435,0.990315759638993,1,0.873978914122614
1,161,566,657.229015547782,0.506726457399103,0.00017542694734396,161,43209.7042009421,86.1443946188341,0.990491186586337,1,0.874110224603774
1,162,612,105.667405598797,0.547982062780269,2.80041675385645e-05,162,43315.3716065409,86.6923766816143,0.990519190753876,1,0.874110224603774
1,163,472,823.809770457447,0.422421524663677,0.000209053379656932,163,44139.1813769983,87.114798206278,0.990728244133532,1,0.874110224603774
1,164,635,113.037849678658,0.568609865470852,2.83106704199731e-05,164,44252.219226677,87.6834080717489,0.990756554803952,1,0.878317004199788
1,165,702,267.531148924027,0.628699551569507,6.68549642669491e-05,165,44519.750375601,88.3121076233184,0.990823409768219,1,0.879058702239635
1,166,817,302.059178529307,0.731838565022422,7.43855852184394e-05,166,44821.8095541303,89.0439461883408,0.990897795353438,1,0.879826444748855
1,167,866,278.107278211974,0.775784753363229,6.82414170058987e-05,167,45099.9168323423,89.819730941704,0.990966036770444,1,0.879826444748855
1,168,755,561.863207274582,0.676233183856502,0.000131476859132951,168,45661.7800396169,90.4959641255605,0.991097513629577,1,0.886591308417877
1,169,545,755.578998588026,0.487892376681614,0.000176205179221567,169,46417.3590382049,90.9838565022421,0.991273718808798,1,0.886591308417877
1,170,541,802.938729804009,0.484304932735426,0.000184560246255128,170,47220.2977680089,91.4681614349775,0.991458279055053,1,0.886591308417877
1,171,929,145.871181383263,0.832286995515695,3.33471702601562e-05,171,47366.1689493922,92.3004484304932,0.991491626225314,1,0.886591308417877
1,172,913,867.894577942789,0.817937219730942,0.000197154416288869,172,48234.063527335,93.1183856502242,0.991688780641602,1,0.891454097151631
1,173,387,193.443477475084,0.346188340807175,4.32751588790303e-05,173,48427.50700481,93.4645739910314,0.991732055800481,1,0.891500978120392
1,174,444,173.865701993927,0.397309417040359,3.81693006598072e-05,174,48601.372706804,93.8618834080717,0.991770225101141,1,0.891500978120392
1,175,438,492.16224424541,0.391928251121076,0.000107793971715342,175,49093.5349510494,94.2538116591928,0.991878019072857,1,0.891954509277411
1,176,800,266.652392647229,0.716591928251121,5.72392332501837e-05,176,49360.1873436966,94.9704035874439,0.991935258306107,1,0.891954509277411
1,177,377,776.845626661088,0.337219730941704,0.00016629076458563,177,50137.0329703577,95.3076233183856,0.992101549070692,1,0.895078161648299
1,178,819,594.002607543953,0.733632286995516,0.000125966496500873,178,50731.0355779016,96.0412556053811,0.992227515567193,1,0.895571562112031
1,179,756,494.93868108606,0.677130044843049,0.000102122234102886,179,51225.9742589877,96.7183856502242,0.992329637801296,1,0.900116727721446
1,180,447,762.795540867373,0.4,0.000154363462496976,180,51988.7697998551,97.1183856502242,0.992484001263793,1,0.903291845870456
1,181,672,526.100707880687,0.601793721973094,0.000106078263160336,181,52514.8705077358,97.7201793721973,0.992590079526953,1,0.909635511946107
1,182,950,311.011944396887,0.851121076233184,6.23332507923013e-05,182,52825.8824521326,98.5713004484305,0.992652412777746,1,0.912525897640117
1,183,759,46.3373162108473,0.679820627802691,9.14329868784147e-06,183,52872.2197683435,99.2511210762331,0.992661556076434,1,0.912525897640117
1,184,413,223.020361824892,0.369506726457399,4.34987676929399e-05,184,53095.2401301684,99.6206278026905,0.992705054844127,1,0.916771150118131
1,185,761,518.643327769823,0.681614349775785,9.99468539106818e-05,185,53613.8834579382,100.302242152466,0.992805001698037,1,0.91781955623368
1,186,629,368.777695328463,0.56322869955157,7.0403997043722e-05,186,53982.6611532667,100.865470852018,0.992875405695081,1,0.918071661820202
1,187,221,289.703046805225,0.197309417040359,5.37733151756425e-05,187,54272.3642000719,101.062780269058,0.992929179010257,1,0.922163475882816
1,188,379,315.698964400217,0.339013452914798,5.838815767778e-05,188,54588.0631644721,101.401793721973,0.992987567167934,1,0.927941253800835
1,189,723,745.11374092428,0.647533632286996,0.000136065314611078,189,55333.1769053964,102.04932735426,0.993123632482545,1,0.929144366279707
1,190,802,372.18701851787,0.718385650224215,6.64277089038601e-05,190,55705.3639239143,102.767713004484,0.993190060191449,1,0.937458263148395
1,191,383,378.982300488278,0.342600896860987,6.60632535995909e-05,191,56084.3462244025,103.110313901345,0.993256123445049,1,0.938114128802097
1,192,319,360.446241595782,0.285201793721973,6.24298048734762e-05,192,56444.7924659983,103.395515695067,0.993318553249922,1,0.938114128802097
1,193,291,304.7643647925,0.260089686098655,5.23276690573837e-05,193,56749.5568307908,103.655605381166,0.99337088091898,1,0.938114128802097
1,194,828,63.001565199811,0.74170403587444,1.07043777157756e-05,194,56812.5583959906,104.39730941704,0.993381585296696,1,0.938114128802097
1,195,513,861.50577762397,0.459192825112108,0.000145044173522235,195,57674.0641736146,104.856502242152,0.993526629470218,1,0.939963338418822
1,196,1045,250.032506829593,0.936322869955157,4.15350950898619e-05,196,57924.0966804442,105.792825112108,0.993568164565308,1,0.93998644721399
1,197,989,199.399065016769,0.88609865470852,3.29895359191257e-05,197,58123.495745461,106.678923766816,0.993601154101227,1,0.93998644721399
1,198,446,711.488395812921,0.399103139013453,0.000116263925604376,198,58834.9841412739,107.07802690583,0.993717418026831,1,0.942748973542599
1,199,609,337.687850340735,0.545291479820628,5.45174277946092e-05,199,59172.6719916146,107.62331838565,0.993771935454626,1,0.942753111256382
1,200,187,272.382404147647,0.166816143497758,4.31697614988735e-05,200,59445.0543957623,107.790134529148,0.993815105216125,1,0.942753111256382
1,201,640,423.599330724683,0.573094170403587,6.64486287466071e-05,201,59868.653726487,108.363228699552,0.993881553844871,1,0.942785049596412
1,202,708,382.680048255716,0.634080717488789,5.95960675153773e-05,202,60251.3337747427,108.99730941704,0.993941149912387,1,0.942858537330903
1,203,694,148.702514430042,0.62152466367713,2.30441119288827e-05,203,60400.0362891727,109.618834080717,0.993964194024315,1,0.945238238687471
1,204,191,281.42495528562,0.170403587443946,4.33206108639839e-05,204,60681.4612444583,109.789237668161,0.99400751463518,1,0.945238238687471
1,205,982,714.575653530192,0.87982062780269,0.000109284134879539,205,61396.0368979885,110.669058295964,0.994116798770059,1,0.94524879591957
1,206,858,128.979672763962,0.768609865470852,1.95196759048555e-05,206,61525.0165707525,111.437668161435,0.994136318445964,1,0.946259292233573
1,207,384,771.501972114202,0.343497757847534,0.000116313658580114,207,62296.5185428667,111.781165919282,0.994252632104544,1,0.947298534665576
1,208,95,327.16951006325,0.084304932735426,4.84281781290008e-05,208,62623.6880529299,111.865470852018,0.994301060282673,1,0.947298534665576
1,209,1079,425.665572807193,0.966816143497758,6.28079757686306e-05,209,63049.3536257371,112.832286995516,0.994363868258442,1,0.950282746972586
1,210,347,983.516678980086,0.310313901345291,0.000142946913872288,210,64032.8703047172,113.142600896861,0.994506815172314,1,0.950412335251568
1,211,509,945.584752440918,0.455605381165919,0.0001338468019495,211,64978.4550571581,113.598206278027,0.994640661974263,1,0.953505879499657
1,212,419,483.671819965821,0.374887892376682,6.74852457428488e-05,212,65462.126877124,113.973094170404,0.994708147220006,1,0.953505879499657
1,213,515,738.540356869344,0.460986547085202,0.000101683129362318,213,66200.6672339933,114.434080717489,0.994809830349369,1,0.953542117886067
1,214,505,371.799726877362,0.452017937219731,5.06647195954724e-05,214,66572.4669608707,114.886098654708,0.994860495068964,1,0.955291423262473
1,215,227,483.066926051397,0.202690582959641,6.55031420712104e-05,215,67055.5338869221,115.088789237668,0.994925998211035,1,0.95745410059048
1,216,281,761.007237811573,0.251121076233184,0.000101355309906626,216,67816.5411247336,115.339910313901,0.995027353520942,1,0.95745410059048
1,217,826,85.0985590415075,0.739910313901345,1.11597925541718e-05,217,67901.6396837751,116.079820627803,0.995038513313496,1,0.95745410059048
1,218,984,630.839593582787,0.881614349775785,8.23234486329039e-05,218,68532.4792773579,116.961434977578,0.995120836762129,1,0.960302608565873
1,219,259,476.860514855944,0.231390134529148,6.04388721715532e-05,219,69009.3397922139,117.192825112108,0.9951812756343,1,0.960302608565873
1,220,927,354.534902204759,0.830493273542601,4.43162261452024e-05,220,69363.8746944186,118.02331838565,0.995225591860446,1,0.963038483086056
1,221,789,290.301370250527,0.706726457399103,3.6001416204412e-05,221,69654.1760646692,118.730044843049,0.99526159327665,1,0.966465386565067
1,222,770,656.893542215694,0.689686098654709,8.06348334331242e-05,222,70311.0696068848,119.419730941704,0.995342228110083,1,0.969193374422076
1,223,376,964.204898586031,0.336322869955157,0.000116075555361306,223,71275.2745054709,119.756053811659,0.995458303665445,1,0.969326601406434
1,224,663,126.157915014774,0.59372197309417,1.48972875171349e-05,224,71401.4324204857,120.349775784753,0.995473200952962,1,0.969326601406434
1,225,891,569.997800025158,0.798206278026906,6.64355044015519e-05,225,71971.4302205108,121.14798206278,0.995539636457363,1,0.97649408933994
1,226,898,387.094663132448,0.804484304932735,4.48751493700161e-05,226,72358.5248836433,121.952466367713,0.995584511606733,1,0.976495388471582
1,227,785,813.602388435975,0.703139013452915,9.41137546194293e-05,227,73172.1272720792,122.655605381166,0.995678625361353,1,0.976495388471582
1,228,414,502.969446824864,0.370403587443946,5.67041320083117e-05,228,73675.0967189041,123.02600896861,0.995735329493361,1,0.976495388471582
1,229,894,551.057566348463,0.800896860986547,6.12867447008503e-05,229,74226.1542852526,123.826905829596,0.995796616238062,1,0.976904290924053
1,230,64,281.639808127657,0.0565022421524664,3.0945769800339e-05,230,74507.7940933802,123.883408071749,0.995827562007862,1,0.976904290924053
1,231,192,328.267928843852,0.171300448430493,3.54382200768999e-05,231,74836.0620222241,124.054708520179,0.995863000227939,1,0.977093906667954
1,232,919,390.09730482474,0.823318385650224,4.18820654827234e-05,232,75226.1593270488,124.87802690583,0.995904882293422,1,0.977549217317664
1,233,407,709.436882138252,0.364125560538117,7.54625897935179e-05,233,75935.5962091871,125.242152466368,0.995980344883215,1,0.977614250937794
1,234,674,290.172322595026,0.603587443946188,3.06206003984899e-05,234,76225.7685317821,125.845739910314,0.996010965483614,1,0.977644717088722
1,235,290,673.57921916293,0.259192825112108,7.0008138880584e-05,235,76899.347750945,126.104932735426,0.996080973622494,1,0.977644717088722
1,236,767,154.251674949192,0.686995515695067,1.56148653962518e-05,236,77053.5994258942,126.791928251121,0.996096588487891,1,0.977644717088722
1,237,915,320.704146318603,0.819730941704036,3.23823651500188e-05,237,77374.3035722128,127.611659192825,0.996128970853041,1,0.977644717088722
1,238,639,820.765829430893,0.57219730941704,8.25074901559253e-05,238,78195.0694016437,128.183856502242,0.996211478343197,1,0.977683913721792
1,239,852,729.134899394121,0.76322869955157,7.1996537601482e-05,239,78924.2043010378,128.947085201794,0.996283474880798,1,0.977759197312152
1,240,628,851.962805911899,0.562331838565022,8.27314842509752e-05,240,79776.1671069497,129.509417040359,0.996366206365049,1,0.977784521738206
1,241,450,676.599156598095,0.402690582959641,6.51376167687401e-05,241,80452.7662635478,129.912107623318,0.996431343981818,1,0.981849843030579
1,242,508,508.909224902745,0.454708520179372,4.85602681814523e-05,242,80961.6754884506,130.366816143498,0.996479904249999,1,0.98228078389688
1,243,921,810.302392735612,0.825112107623318,7.51954835433999e-05,243,81771.9778811862,131.191928251121,0.996555099733543,1,0.98228078389688
1,244,701,846.484204463195,0.62780269058296,7.71903032289467e-05,244,82618.4620856494,131.819730941704,0.996632290036772,1,0.982283370876799
1,245,162,360.365526131354,0.144394618834081,3.26378058000953e-05,245,82978.8276117807,131.964125560538,0.996664927842572,1,0.982283370876799
1,246,375,538.427224894986,0.33542600896861,4.80336487787003e-05,246,83517.2548366757,132.299551569507,0.99671296149135,1,0.982283370876799
1,247,610,380.427693976089,0.546188340807175,3.36903555934187e-05,247,83897.6825306518,132.845739910314,0.996746651846944,1,0.982310500766739
1,248,823,609.530973054934,0.737219730941704,5.25258959221953e-05,248,84507.2135037067,133.582959641256,0.996799177742866,1,0.982363883493299
1,249,693,544.165304899216,0.620627802690583,4.60996553173221e-05,249,85051.378808606,134.203587443946,0.996845277398183,1,0.982381997229279
1,250,705,341.242081590462,0.631390134529148,2.88156076893031e-05,250,85392.6208901964,134.834977578475,0.996874093005873,1,0.982412139889871
1,251,417,951.115051414818,0.373094170403587,7.87739970123935e-05,251,86343.7359416112,135.208071748879,0.996952867002885,1,0.982412139889871
1,252,955,378.436165307648,0.855605381165919,3.0778320895819e-05,252,86722.1721069189,136.063677130045,0.996983645323781,1,0.982449715053691
1,253,763,579.681313161273,0.683408071748879,4.69164370948683e-05,253,87301.8534200802,136.747085201794,0.997030561760876,1,0.982540880829982
1,254,254,274.846217813902,0.226905829596413,2.21069543836494e-05,254,87576.699637894,136.97399103139,0.997052668715259,1,0.982540880829982
1,255,801,475.975015233271,0.717488789237668,3.73491889597011e-05,255,88052.6746531273,137.691479820628,0.997090017904219,1,0.98258912273392
1,256,597,513.286923447158,0.534529147982063,3.98653622880607e-05,256,88565.9615765745,138.22600896861,0.997129883266507,1,0.98258912273392
1,257,766,152.710791949648,0.68609865470852,1.16916710155568e-05,257,88718.6723685241,138.912107623318,0.997141574937523,1,0.98260795422471
1,258,953,957.013966499362,0.853811659192825,7.27799956028452e-05,258,89675.6863350235,139.765919282511,0.997214354933125,1,0.982718109840121
1,259,797,112.674451218918,0.71390134529148,8.44204082350863e-06,259,89788.3607862424,140.479820627803,0.997222796973949,1,0.982718109840121
1,260,1041,834.961823895574,0.932735426008969,6.12424413038992e-05,260,90623.322610138,141.412556053812,0.997284039415253,1,0.982725555043522
1,261,926,687.641608249396,0.829596412556054,5.01153536811572e-05,261,91310.9642183874,142.242152466368,0.997334154768934,1,0.982725555043522
1,262,250,729.43551362725,0.223318385650224,5.17695176283084e-05,262,92040.3997320146,142.465470852018,0.997385924286562,1,0.982725555043522
1,263,732,876.133563588373,0.655605381165919,6.16411107409176e-05,263,92916.533295603,143.121076233184,0.997447565397303,1,0.986240105656434
1,264,164,380.966817045119,0.146188340807175,2.63488240195286e-05,264,93297.5001126481,143.267264573991,0.997473914221323,1,0.986240105656434
1,265,572,906.98763050139,0.512107623318386,6.25410925447767e-05,265,94204.4877431495,143.779372197309,0.997536455313868,1,0.990831548748745
1,266,864,473.932970825117,0.773991031390135,3.24424736161122e-05,266,94678.4207139746,144.5533632287,0.997568897787484,1,0.991338708036327
1,267,580,495.162818562239,0.519282511210762,3.31747500493806e-05,267,95173.5835325369,145.07264573991,0.997602072537533,1,0.991359276614835
1,268,66,454.031177978031,0.0582959641255605,2.98034923797985e-05,268,95627.6147105149,145.130941704036,0.997631876029913,1,0.991359276614835
1,269,820,566.058852768037,0.734529147982063,3.66910852854785e-05,269,96193.6735632829,145.865470852018,0.997668567115198,1,0.992002642142571
1,270,704,863.775544280652,0.630493273542601,5.56428448458268e-05,270,97057.4491075636,146.495964125561,0.997724209960044,1,0.992002642142571
1,271,771,916.826469711959,0.690582959641256,5.81992194677028e-05,271,97974.2755772755,147.186547085202,0.997782409179512,1,0.992021473633361
1,272,218,414.854557949584,0.194618834080717,2.58528577767869e-05,272,98389.1301352251,147.381165919283,0.997808262037289,1,0.992021473633361
1,273,546,964.511044414248,0.488789237668162,5.98537303356794e-05,273,99353.6411796394,147.869955156951,0.997868115767624,1,0.992033970985291
1,274,923,370.105267777108,0.826905829596413,2.24305261187219e-05,274,99723.7464474165,148.696860986547,0.997890546293743,1,0.993252858101125
1,275,348,394.435924002901,0.311210762331839,2.38068616364995e-05,275,100118.182371419,149.008071748879,0.99791435315538,1,0.993288165783835
1,276,157,576.215960846748,0.139910313901345,3.4422877716711e-05,276,100694.398332266,149.14798206278,0.997948776033096,1,0.993288165783835
1,277,863,650.967722206842,0.773094170403587,3.80121195838745e-05,277,101345.366054473,149.921076233184,0.99798678815268,1,0.993288165783835
1,278,692,638.452504684683,0.619730941704036,3.71155381719834e-05,278,101983.818559158,150.540807174888,0.998023903690852,1,0.993335980589146
1,279,161,507.276567628141,0.143497757847534,2.90198556593957e-05,279,102491.095126786,150.684304932735,0.998052923546512,1,0.993335980589146
1,280,316,804.78415018646,0.282511210762332,4.51165895074546e-05,280,103295.879276972,150.966816143498,0.998098040136019,1,0.993335980589146
1,281,833,468.345459096599,0.746188340807175,2.60709088394373e-05,281,103764.224736069,151.713004484305,0.998124111044858,1,0.993337003345498
1,282,445,867.803085572086,0.398206278026906,4.79923578697861e-05,282,104632.027821641,152.111210762332,0.998172103402728,1,0.993337003345498
1,283,1016,775.949179099407,0.910313901345291,4.17014107612079e-05,283,105407.97700074,153.021524663677,0.998213804813489,1,0.993369840729878
1,284,159,450.320322003681,0.141704035874439,2.38293856250626e-05,284,105858.297322744,153.163228699552,0.998237634199114,1,0.993369840729878
1,285,925,700.967112712096,0.828699551569507,3.68739702829579e-05,285,106559.264435456,153.991928251121,0.998274508169397,1,0.993369840729878
1,286,920,326.357697197236,0.824215246636771,1.70511261292638e-05,286,106885.622132653,154.816143497758,0.998291559295527,1,0.993369840729878
1,287,321,855.22574006347,0.286995515695067,4.39754762768807e-05,287,107740.847872717,155.103139013453,0.998335534771804,1,0.993369840729878
1,288,985,903.159960552584,0.882511210762332,4.57475611211899e-05,288,108644.007833269,155.985650224215,0.998381282332925,1,0.993509847007188
1,289,343,530.769363532308,0.306726457399103,2.64236579869959e-05,289,109174.777196802,156.292376681614,0.998407705990912,1,0.993509847007188
1,290,99,472.111251153983,0.0878923766816143,2.31270197247335e-05,290,109646.888447956,156.380269058296,0.998430833010637,1,0.993509847007188
1,291,736,322.654661245178,0.659192825112108,1.57591498728404e-05,291,109969.543109201,157.039461883408,0.998446592160509,1,0.993509847007188
1,292,1108,938.256008999888,0.992825112107623,4.54613777650659e-05,292,110907.799118201,158.032286995516,0.998492053538274,1,0.993513330066598
1,293,792,547.106297588907,0.709417040358744,2.60599365525804e-05,293,111454.90541579,158.741704035874,0.998518113474827,1,0.993513330066598
1,294,799,367.851558374241,0.715695067264574,1.73939739664952e-05,294,111822.756974164,159.457399103139,0.998535507448793,1,0.993513330066598
1,295,821,691.833908923436,0.73542600896861,3.21889360022087e-05,295,112514.590883087,160.192825112108,0.998567696384796,1,0.993513330066598
1,296,188,568.944530428853,0.167713004484305,2.57192793865491e-05,296,113083.535413516,160.360538116592,0.998593415664182,1,0.993513330066598
1,297,482,815.794384065084,0.431390134529148,3.67555213637294e-05,297,113899.329797581,160.791928251121,0.998630171185546,1,0.993513330066598
1,298,951,564.677732090931,0.852017937219731,2.50163434780681e-05,298,114464.007529672,161.643946188341,0.998655187529024,1,0.993513330066598
1,299,836,576.352983422112,0.748878923766816,2.51941779012554e-05,299,115040.360513094,162.392825112108,0.998680381706925,1,0.993513330066598
1,300,318,245.371910922695,0.284304932735426,1.06452436772209e-05,300,115285.732424017,162.677130044843,0.998691026950603,1,0.993513330066598
1,301,534,818.313357401639,0.478026905829596,3.40902850908265e-05,301,116104.045781419,163.155156950673,0.998725117235693,1,0.993513330066598
1,302,1014,511.927749589086,0.908520179372197,2.04720838508088e-05,302,116615.973531008,164.063677130045,0.998745589319544,1,0.993513330066598
1,303,156,396.09449089272,0.139013452914798,1.54972883162907e-05,303,117012.0680219,164.20269058296,0.99876108660786,1,0.993513330066598
1,304,641,597.900108175818,0.573991031390135,2.32705196625549e-05,304,117609.968130076,164.77668161435,0.998784357127523,1,0.995875516584606
1,305,253,597.11519516306,0.226008968609865,2.30085078140041e-05,305,118207.083325239,165.00269058296,0.998807365635337,1,0.995875516584606
1,306,768,418.160281863529,0.687892376681614,1.57655399015688e-05,306,118625.243607103,165.690582959641,0.998823131175239,1,0.995875516584606
1,307,194,623.793377086986,0.173094170403587,2.32261074828433e-05,307,119249.03698419,165.863677130045,0.998846357282721,1,0.995875516584606
1,308,667,936.289685762022,0.597309417040359,3.41857396294332e-05,308,120185.326669952,166.460986547085,0.998880543022351,1,0.995880174916832
1,309,957,648.973240572959,0.857399103139013,2.31339167739986e-05,309,120834.299910525,167.318385650224,0.998903676939125,1,0.996131304372933
1,310,882,921.854551807046,0.790134529147982,3.24922719926457e-05,310,121756.154462332,168.108520179372,0.998936169211117,1,0.996131304372933
1,311,608,824.490217736457,0.544394618834081,2.87007281956075e-05,311,122580.644680068,168.652914798206,0.998964869939313,1,0.996131304372933
1,312,794,494.533525975421,0.711210762331839,1.6808290658199e-05,312,123075.178206044,169.364125560538,0.998981678229971,1,0.996131304372933
1,313,662,808.370812193025,0.592825112107623,2.69888551313047e-05,313,123883.549018237,169.956950672646,0.999008667085103,1,0.996131304372933
1,314,603,233.560239088256,0.539910313901345,7.63371210621422e-06,314,124117.109257325,170.496860986547,0.999016300797209,1,0.996131304372933
1,315,928,559.135011115577,0.831390134529148,1.8223370624959e-05,315,124676.244268441,171.328251121076,0.999034524167834,1,0.996136029653935
1,316,256,787.438754574396,0.228699551569507,2.55673649998123e-05,316,125463.683023015,171.556950672646,0.999060091532834,1,0.996143854375336
1,317,352,967.794799380936,0.314798206278027,3.04874262153643e-05,317,126431.477822396,171.871748878924,0.999090578959049,1,0.996143854375336
1,318,537,355.23229878163,0.480717488789238,1.10565028622611e-05,318,126786.710121178,172.352466367713,0.999101635461911,1,0.996143854375336
1,319,199,160.823150675278,0.177578475336323,4.93478108598566e-06,319,126947.533271853,172.530044843049,0.999106570242997,1,0.996143854375336
1,320,853,991.827783044428,0.764125560538117,3.01578256279855e-05,320,127939.361054897,173.294170403588,0.999136728068625,1,0.996143854375336
1,321,125,375.793977177236,0.111210762331839,1.1266962268941e-05,321,128315.155032075,173.405381165919,0.999147995030894,1,0.996143854375336
1,322,196,471.867375301663,0.174887892376682,1.39338417308732e-05,322,128787.022407376,173.580269058296,0.999161928872625,1,0.996143854375336
1,323,854,717.982192481868,0.765022421524664,2.07807666896542e-05,323,129505.004599858,174.345291479821,0.999182709639315,1,0.996143854375336
1,324,895,813.349021188915,0.801793721973094,2.32169294410722e-05,324,130318.353621047,175.147085201794,0.999205926568756,1,0.999928542758348
1,325,1072,850.424943414982,0.960538116591928,2.32280286356357e-05,325,131168.778564462,176.107623318386,0.999229154597391,1,0.999928542758348
1,326,228,564.65073104715,0.203587443946188,1.52237766675167e-05,326,131733.429295509,176.311210762332,0.999244378374059,1,0.999928542758348
1,327,63,390.129941420164,0.0556053811659193,1.04167116309339e-05,327,132123.559236929,176.366816143498,0.99925479508569,1,0.999928542758348
1,328,707,550.961996160913,0.633183856502242,1.462500976257e-05,328,132674.52123309,177,0.999269420095452,1,0.999935788888632
1,329,320,858.31656595692,0.28609865470852,2.23498713880499e-05,329,133532.837799047,177.286098654709,0.99929176996684,1,0.999935788888632
1,330,865,621.746862086002,0.774887892376682,1.59361056309981e-05,330,134154.584661133,178.060986547085,0.999307706072471,1,0.99994361528079
1,331,97,784.471358302981,0.0860986547085202,1.97171872944324e-05,331,134939.056019436,178.147085201794,0.999327423259766,1,0.99994361528079
1,332,451,528.584375635255,0.403587443946188,1.29131028674401e-05,332,135467.640395071,178.55067264574,0.999340336362633,1,0.99994361528079
1,333,757,499.349438275676,0.678026905829596,1.20447016548342e-05,333,135966.989833347,179.22869955157,0.999352381064288,1,0.99994361528079
1,334,410,683.979675704613,0.366816143497758,1.62548991383682e-05,334,136650.969509052,179.595515695067,0.999368635963427,1,0.99994361528079
1,335,769,686.180179635994,0.688789237668161,1.6066392971581e-05,335,137337.149688688,180.284304932735,0.999384702356398,1,0.99994361528079
1,336,131,623.063918557018,0.116591928251121,1.43884944499018e-05,336,137960.213607245,180.400896860987,0.999399090850848,1,0.99994361528079
1,337,760,211.706375423819,0.680717488789238,4.85202377897842e-06,337,138171.919982668,181.081614349776,0.999403942874627,1,0.99994361528079
1,338,883,678.608757341281,0.791031390134529,1.54105428930018e-05,338,138850.52874001,181.87264573991,0.99941935341752,1,0.99994361528079
1,339,386,914.85549516743,0.345291479820628,2.03339677967707e-05,339,139765.384235177,182.217937219731,0.999439687385317,1,0.99994361528079
1,340,832,774.190387488343,0.745291479820628,1.69991428126126e-05,340,140539.574622666,182.963228699552,0.999456686528129,1,0.99998171739279
1,341,764,487.43533235509,0.684304932735426,1.03525128754001e-05,341,141027.009955021,183.647533632287,0.999467039041005,1,0.99998171739279
1,342,100,516.390405301936,0.0887892376681614,1.05967536497831e-05,342,141543.400360323,183.736322869955,0.999477635794655,1,0.99998171739279
1,343,599,895.391279198229,0.536322869955157,1.76573050955087e-05,343,142438.791639521,184.27264573991,0.99949529309975,1,0.99998171739279
1,344,579,571.066741936374,0.518385650224215,1.09508246772805e-05,344,143009.858381457,184.791031390135,0.999506243924427,1,0.99998171739279
1,345,130,693.107030496467,0.115695067264574,1.31682922044352e-05,345,143702.965411954,184.906726457399,0.999519412216632,1,0.99998171739279
1,346,956,962.989187999628,0.856502242152466,1.80506960805182e-05,346,144665.954599953,185.763228699552,0.999537462912712,1,0.99998171739279
1,347,219,822.741810716689,0.195515695067265,1.50395779893175e-05,347,145488.69641067,185.958744394619,0.999552502490702,1,0.99998171739279
1,348,772,814.982001166791,0.691479820627803,1.4810066891191e-05,348,146303.678411837,186.650224215247,0.999567312557593,1,0.99998171739279
1,349,983,920.649577097502,0.880717488789238,1.59912948752838e-05,349,147224.327988934,187.530941704036,0.999583303852468,1,1
1,350,165,361.890926980413,0.147085201793722,6.23906115504447e-06,350,147586.218915915,187.67802690583,0.999589542913623,1,1
1,351,675,426.230552014895,0.604484304932735,7.17904933811297e-06,351,148012.44946793,188.282511210762,0.999596721962961,1,1
1,352,855,509.39541287953,0.765919282511211,8.48254060958897e-06,352,148521.844880809,189.048430493274,0.999605204503571,1,1
1,353,126,984.377011435572,0.112107623318386,1.62996020782735e-05,353,149506.221892245,189.160538116592,0.999621504105649,1,1
1,354,924,858.030997302849,0.82780269058296,1.33561573166796e-05,354,150364.252889547,189.988340807175,0.999634860262966,1,1
1,355,411,323.779755600262,0.367713004484305,4.98253290825978e-06,355,150688.032645148,190.356053811659,0.999639842795874,1,1
1,356,163,653.48530722782,0.145291479820628,9.7787270758598e-06,356,151341.517952376,190.50134529148,0.99964962152295,1,1
1,357,885,747.888423872646,0.792825112107623,1.10271724415023e-05,357,152089.406376248,191.294170403587,0.999660648695391,1,1
1,358,355,625.683272203896,0.317488789237668,8.82008385971744e-06,358,152715.089648452,191.611659192825,0.999669468779251,1,1
1,359,737,806.213716461789,0.660089686098655,1.12687250132248e-05,359,153521.303364914,192.271748878924,0.999680737504264,1,1
1,360,571,557.780847686809,0.511210762331839,7.50001502758391e-06,360,154079.084212601,192.782959641256,0.999688237519292,1,1
1,361,661,847.100561719853,0.591928251121076,1.10704507602088e-05,361,154926.184774321,193.374887892377,0.999699307970052,1,1
1,362,611,633.447969555855,0.547085201793722,8.15422673905442e-06,362,155559.632743876,193.92197309417,0.999707462196791,1,1
1,363,835,669.840660034679,0.747982062780269,8.30196232681768e-06,363,156229.473403911,194.669955156951,0.999715764159118,1,1
1,364,918,536.095242430456,0.822421524663677,6.43983862580466e-06,364,156765.568646342,195.492376681614,0.999722203997744,1,1
1,365,666,84.2071836837567,0.596412556053812,9.92916235231789e-07,365,156849.775830025,196.088789237668,0.999723196913979,1,1
1,366,981,463.298029096331,0.878923766816143,5.38938747063344e-06,366,157313.073859122,196.967713004484,0.99972858630145,1,1
1,367,195,937.940948263276,0.173991031390134,1.07665539857971e-05,367,158251.014807385,197.141704035874,0.999739352855435,1,1
1,368,733,650.873545405921,0.656502242152466,7.31878176929435e-06,368,158901.888352791,197.798206278027,0.999746671637205,1,1
1,369,1107,602.652161417063,0.991928251121076,6.70671178282234e-06,369,159504.540514208,198.790134529148,0.999753378348988,1,1
1,370,220,919.66877466999,0.196412556053812,1.00934290721e-05,370,160424.209288878,198.986547085202,0.99976347177806,1,1
1,371,798,287.759523014538,0.714798206278027,3.10233503852952e-06,371,160711.968811892,199.70134529148,0.999766574113098,1,1
1,372,506,186.233676467091,0.452914798206278,1.95506188827022e-06,372,160898.20248836,200.154260089686,0.999768529174986,1,1
1,373,644,391.339677385986,0.576681614349776,4.02826361012298e-06,373,161289.542165746,200.730941704036,0.999772557438597,1,1
1,374,896,761.575134026352,0.802690582959641,7.76904724431038e-06,374,162051.117299772,201.533632286995,0.999780326485841,1,1
1,375,886,943.172873256262,0.79372197309417,9.50318263548411e-06,375,162994.290173028,202.32735426009,0.999789829668476,1,1
1,376,197,412.76426732773,0.175784753363229,4.00159909363929e-06,376,163407.054440356,202.503139013453,0.99979383126757,1,1
1,377,631,761.543986015022,0.565022421524664,7.26335032608105e-06,377,164168.598426371,203.068161434978,0.999801094617896,1,1
1,378,349,236.952391928062,0.312107623318386,2.1832042099712e-06,378,164405.550818299,203.380269058296,0.999803277822106,1,1
1,379,539,540.185977781657,0.482511210762332,4.85748141676456e-06,379,164945.736796081,203.862780269058,0.999808135303523,1,1
1,380,738,989.07377707772,0.660986547085202,8.79688272592549e-06,380,165934.810573158,204.523766816143,0.999816932186249,1,1
1,381,67,811.963709518313,0.0591928251121077,7.05933549027815e-06,381,166746.774282677,204.582959641256,0.999823991521739,1,1
1,382,725,611.789281440433,0.64932735426009,5.19354819594753e-06,382,167358.563564117,205.232286995516,0.999829185069935,1,1
1,383,642,800.835322216153,0.574887892376682,6.58530396524526e-06,383,168159.398886333,205.807174887892,0.9998357703739,1,1
1,384,916,959.871125950012,0.820627802690583,7.46971073906089e-06,384,169119.270012283,206.627802690583,0.999843240084639,1,1
1,385,834,723.631946526002,0.747085201793722,5.42456510166378e-06,385,169842.901958809,207.374887892377,0.999848664649741,1,1
1,386,382,763.215389118996,0.341704035874439,5.65239480998514e-06,386,170606.117347928,207.716591928251,0.999854317044551,1,1
1,387,1080,361.880324333906,0.967713004484305,2.60339178537183e-06,387,170967.997672262,208.684304932735,0.999856920436336,1,1
1,388,568,814.181780263316,0.508520179372197,5.73590286589987e-06,388,171782.179452525,209.192825112108,0.999862656339202,1,1
1,389,65,816.493638490792,0.0573991031390134,5.56246199956423e-06,389,172598.673091016,209.250224215247,0.999868218801202,1,1
1,390,706,635.470982999541,0.632286995515695,4.30898701886395e-06,390,173234.144074016,209.882511210762,0.999872527788221,1,1
1,391,222,961.49374576984,0.198206278026906,6.02611056832458e-06,391,174195.637819786,210.080717488789,0.999878553898789,1,1
1,392,168,228.89190844493,0.149775784753363,1.39377624397419e-06,392,174424.529728231,210.230493273543,0.999879947675033,1,1
1,393,676,591.40534293605,0.605381165919282,3.50522435832445e-06,393,175015.935071167,210.835874439462,0.999883452899391,1,1
1,394,729,795.291926099453,0.652914798206278,4.5654942181228e-06,394,175811.226997266,211.488789237668,0.999888018393609,1,1
1,395,189,914.05634079827,0.168609865470852,5.19033191070939e-06,395,176725.283338064,211.657399103139,0.99989320872552,1,1
1,396,893,672.907510458026,0.8,3.78691866598224e-06,396,177398.190848522,212.457399103139,0.999896995644186,1,1
1,397,442,588.033612603322,0.395515695067265,3.18339994942463e-06,397,177986.224461126,212.852914798206,0.999900179044136,1,1
1,398,507,540.693183422554,0.453811659192825,2.89709573053631e-06,398,178526.917644548,213.306726457399,0.999903076139866,1,1
1,399,101,603.98906967137,0.0896860986547086,3.1082483025191e-06,399,179130.90671422,213.396412556054,0.999906184388169,1,1
1,400,856,441.687195110135,0.766816143497758,2.24036036133857e-06,400,179572.59390933,214.163228699552,0.99990842474853,1,1
1,401,724,873.278835476376,0.648430493273543,4.31160954550425e-06,401,180445.872744806,214.811659192825,0.999912736358075,1,1
1,402,94,660.190546687227,0.083408071748879,3.22028828414478e-06,402,181106.063291493,214.895067264574,0.99991595664636,1,1
1,403,986,759.755867591593,0.883408071748879,3.53306382672169e-06,403,181865.819159085,215.778475336323,0.999919489710186,1,1
1,404,70,445.433370727114,0.0618834080717489,2.02279215566481e-06,404,182311.252529812,215.840358744395,0.999921512502342,1,1
1,405,765,573.659161846153,0.685201793721973,2.59111852018989e-06,405,182884.911691658,216.525560538117,0.999924103620862,1,1
1,406,193,985.784475533292,0.17219730941704,4.19551389185813e-06,406,183870.696167191,216.697757847534,0.999928299134754,1,1
1,407,38,224.243856475223,0.0331838565022422,9.27527062821731e-07,407,184094.940023667,216.730941704036,0.999929226661817,1,1
1,408,860,890.131277868059,0.770403587443946,3.53822978849117e-06,408,184985.071301535,217.50134529148,0.999932764891605,1,1
1,409,190,902.855645604432,0.169506726457399,3.54126875246052e-06,409,185887.926947139,217.670852017937,0.999936306160358,1,1
1,410,734,925.234196898527,0.657399103139014,3.47028749025924e-06,410,186813.161144038,218.328251121076,0.999939776447848,1,1
1,411,825,745.77286604559,0.739013452914798,2.6706380478192e-06,411,187558.934010083,219.067264573991,0.999942447085896,1,1
1,412,68,814.265614424367,0.0600896860986547,2.83351432983636e-06,412,188373.199624508,219.12735426009,0.999945280600226,1,1
1,413,223,731.110483985394,0.199103139013453,2.46838331530164e-06,413,189104.310108493,219.326457399103,0.999947748983541,1,1
1,414,861,430.207574109081,0.771300448430493,1.43252818263218e-06,414,189534.517682602,220.097757847534,0.999949181511724,1,1
1,415,829,346.159958904609,0.742600896860987,1.11467892505157e-06,415,189880.677641507,220.840358744395,0.999950296190649,1,1
1,416,33,693.798225638457,0.0286995515695068,2.21831015878582e-06,416,190574.475867145,220.869058295964,0.999952514500807,1,1
1,417,1017,564.068428436294,0.911210762331839,1.6520682570853e-06,417,191138.544295582,221.780269058296,0.999954166569065,1,1
1,418,350,627.064570828807,0.313004484304933,1.78478979950825e-06,418,191765.60886641,222.093273542601,0.999955951358864,1,1
1,419,795,803.137248789426,0.712107623318386,2.26682343296147e-06,419,192568.7461152,222.805381165919,0.999958218182297,1,1
1,420,229,701.278978916816,0.204484304932735,1.90293775959027e-06,420,193270.025094117,223.009865470852,0.999960121120057,1,1
1,421,892,759.083631497342,0.799103139013453,1.9357110155882e-06,421,194029.108725614,223.808968609865,0.999962056831072,1,1
1,422,224,689.511331184767,0.2,1.71103232082803e-06,422,194718.620056799,224.008968609865,0.999963767863393,1,1
1,423,824,991.123975736555,0.738116591928251,2.38258002649427e-06,423,195709.744032535,224.747085201794,0.99996615044342,1,1
1,424,102,339.495304913726,0.0905829596412556,7.52225361111414e-07,424,196049.239337449,224.837668161435,0.999966902668781,1,1
1,425,796,413.554351199418,0.713004484304933,8.74177018439504e-07,425,196462.793688648,225.55067264574,0.999967776845799,1,1
1,426,260,869.425738814753,0.232286995515695,1.79452584025963e-06,426,197332.219427463,225.782959641256,0.999969571371639,1,1
1,427,34,797.512743510306,0.0295964125560538,1.60987108044353e-06,427,198129.732170973,225.812556053812,0.99997118124272,1,1
1,428,166,538.35106600076,0.147982062780269,1.0264190889453e-06,428,198668.083236974,225.960538116592,0.999972207661809,1,1
1,429,1020,286.43157254206,0.91390134529148,5.30261820896882e-07,429,198954.514809516,226.874439461883,0.99997273792363,1,1
1,430,41,151.372022158466,0.0358744394618834,2.62609595957919e-07,430,199105.886831675,226.910313901345,0.999973000533226,1,1
1,431,475,665.761651489884,0.425112107623318,1.11989706252924e-06,431,199771.648483165,227.335426008969,0.999974120430288,1,1
1,432,69,796.39889789978,0.0609865470852018,1.32516621298429e-06,432,200568.047381064,227.396412556054,0.999975445596501,1,1
1,433,959,415.846469206735,0.859192825112108,6.81577158934132e-07,433,200983.893850271,228.255605381166,0.99997612717366,1,1
1,434,381,589.051092562731,0.340807174887892,9.52240606921784e-07,434,201572.944942834,228.596412556054,0.999977079414267,1,1
1,435,697,173.375633279793,0.624215246636771,2.7228215582209e-07,435,201746.320576114,229.220627802691,0.999977351696423,1,1
1,436,1076,632.638483149931,0.964125560538117,9.82673195926154e-07,436,202378.959059264,230.184753363229,0.999978334369619,1,1
1,437,133,676.269101684447,0.118385650224215,1.02668361656733e-06,437,203055.228160948,230.303139013453,0.999979361053235,1,1
1,438,643,889.52456390718,0.575784753363229,1.31283249926728e-06,438,203944.752724855,230.878923766816,0.999980673885735,1,1
1,439,255,535.759694876615,0.22780269058296,7.36698521297541e-07,439,204480.512419732,231.106726457399,0.999981410584256,1,1
1,440,857,949.336998106446,0.767713004484305,1.27623904166985e-06,440,205429.849417838,231.874439461883,0.999982686823297,1,1
1,441,198,662.638020964805,0.176681614349776,8.5603518684696e-07,441,206092.487438803,232.051121076233,0.999983542858484,1,1
1,442,917,595.281819449738,0.82152466367713,7.26983583332341e-07,442,206687.769258253,232.87264573991,0.999984269842068,1,1
1,443,132,892.480175977107,0.117488789237668,1.05559179075509e-06,443,207580.24943423,232.990134529148,0.999985325433858,1,1
1,444,830,736.612627329305,0.743497757847534,8.61745698466088e-07,444,208316.862061559,233.733632286995,0.999986187179557,1,1
1,445,412,833.252912068274,0.368609865470852,9.28637329589144e-07,445,209150.114973627,234.102242152466,0.999987115816886,1,1
1,446,948,348.396299725864,0.84932735426009,3.67914932519753e-07,446,209498.511273353,234.951569506726,0.999987483731819,1,1
1,447,105,488.073373197112,0.0932735426008968,4.97175702385277e-07,447,209986.58464655,235.044843049327,0.999987980907521,1,1
1,448,1012,347.525026476942,0.906726457399103,3.40746152072136e-07,448,210334.109673027,235.951569506726,0.999988321653673,1,1
1,449,286,401.933761422988,0.255605381165919,3.82145085020547e-07,449,210736.04343445,236.207174887892,0.999988703798758,1,1
1,450,261,926.450876286253,0.233183856502242,8.54809122263767e-07,450,211662.494310737,236.440358744395,0.999989558607881,1,1
1,451,827,456.6572173452,0.740807174887892,4.11065110061948e-07,451,212119.151528082,237.181165919282,0.999989969672991,1,1
1,452,167,742.931016790681,0.148878923766816,6.38751571857554e-07,452,212862.082544873,237.330044843049,0.999990608424563,1,1
1,453,758,889.487869318109,0.678923766816144,7.32380591061954e-07,453,213751.570414191,238.008968609865,0.999991340805154,1,1
1,454,36,483.018011380918,0.031390134529148,3.91224305285043e-07,454,214234.588425572,238.040358744395,0.999991732029459,1,1
1,455,40,239.309527499136,0.0349775784753363,1.79748524620216e-07,455,214473.897953071,238.07533632287,0.999991911777984,1,1
1,456,601,244.857400432229,0.538116591928251,1.76955439523674e-07,456,214718.755353503,238.613452914798,0.999992088733423,1,1
1,457,43,419.58708303282,0.0376681614349775,2.94372685782918e-07,457,215138.342436536,238.651121076233,0.999992383106109,1,1
1,458,914,580.482717233244,0.818834080717489,3.88663619288465e-07,458,215718.825153769,239.469955156951,0.999992771769728,1,1
1,459,32,903.27605466824,0.0278026905829596,5.74625793614558e-07,459,216622.101208437,239.497757847534,0.999993346395522,1,1
1,460,135,525.924368521664,0.120179372197309,3.27615690243199e-07,460,217148.025576959,239.617937219731,0.999993674011212,1,1
1,461,1021,466.604404640384,0.914798206278027,2.86267359039805e-07,461,217614.629981599,240.532735426009,0.999993960278571,1,1
1,462,39,324.9991975585,0.0340807174887893,1.91097768831305e-07,462,217939.629179158,240.566816143498,0.99999415137634,1,1
1,463,1083,326.445698149037,0.970403587443946,1.83780714202442e-07,463,218266.074877307,241.537219730942,0.999994335157054,1,1
1,464,980,424.855267656967,0.878026905829596,2.31869969780085e-07,464,218690.930144964,242.415246636771,0.999994567027024,1,1
1,465,1044,526.051620333456,0.93542600896861,2.72502619691473e-07,465,219216.981765297,243.35067264574,0.999994839529644,1,1
1,466,134,739.706960546318,0.119282511210762,3.67675962009706e-07,466,219956.688725844,243.469955156951,0.999995207205606,1,1
1,467,790,916.11989937257,0.70762331838565,4.30097416459496e-07,467,220872.808625216,244.177578475336,0.999995637303022,1,1
1,468,380,971.629025738221,0.339910313901345,4.40697814019231e-07,468,221844.437650954,244.517488789238,0.999996078000836,1,1
1,469,75,480.563408357557,0.0663677130044843,2.06469665586795e-07,469,222325.001059312,244.583856502242,0.999996284470502,1,1
1,470,695,290.874659067485,0.622421524663677,1.10921559159927e-07,470,222615.875718379,245.206278026906,0.999996395392061,1,1
1,471,44,375.156996415462,0.0385650224215247,1.38476126676501e-07,471,222991.032714795,245.244843049327,0.999996533868188,1,1
1,472,1049,868.824473929126,0.939910313901345,3.11130136321225e-07,472,223859.857188724,246.184753363229,0.999996844998324,1,1
1,473,230,916.526703035925,0.205381165919283,3.1258721311378e-07,473,224776.38389176,246.390134529148,0.999997157585537,1,1
1,474,990,438.853289196268,0.886995515695067,1.41777511952768e-07,474,225215.237180956,247.277130044843,0.999997299363049,1,1
1,475,726,758.641317796428,0.650224215246637,2.40922217953354e-07,475,225973.878498753,247.92735426009,0.999997540285267,1,1
1,476,6,55.1009343960322,0.00448430493273544,1.63237127148719e-08,476,226028.979433149,247.931838565022,0.99999755660898,1,1
1,477,317,837.351748654619,0.283408071748879,2.45483563920956e-07,477,226866.331181803,248.215246636771,0.999997802092544,1,1
1,478,1082,180.21746404469,0.969506726457399,4.96119447745969e-08,478,227046.548645848,249.184753363229,0.999997851704488,1,1
1,479,103,493.726903330535,0.0914798206278027,1.26813055723041e-07,479,227540.275549178,249.276233183857,0.999997978517544,1,1
1,480,136,663.240065178834,0.121076233183857,1.59163979329691e-07,480,228203.515614357,249.39730941704,0.999998137681523,1,1
1,481,1052,828.448335411958,0.942600896860987,1.89417302620676e-07,481,229031.963949769,250.339910313901,0.999998327098826,1,1
1,482,569,551.553183484357,0.509417040358744,1.15192017591248e-07,482,229583.517133254,250.84932735426,0.999998442290844,1,1
1,483,72,632.928920243867,0.0636771300448431,1.18321072273275e-07,483,230216.446053497,250.913004484305,0.999998560611916,1,1
1,484,949,421.104878687765,0.850224215246637,7.71623582807024e-08,484,230637.550932185,251.763228699552,0.999998637774274,1,1
1,485,960,431.646082722582,0.860089686098655,7.46507020643605e-08,485,231069.197014908,252.62331838565,0.999998712424976,1,1
1,486,42,420.400872456376,0.0367713004484305,6.86208654343545e-08,486,231489.597887364,252.660089686099,0.999998781045842,1,1
1,487,474,758.328387131914,0.424215246636771,1.16135517647109e-07,487,232247.926274496,253.084304932736,0.999998897181359,1,1
1,488,728,616.651852484792,0.652017937219731,9.01993983948302e-08,488,232864.578126981,253.736322869955,0.999998987380758,1,1
1,489,71,756.93040705286,0.0627802690582959,9.9042081980194e-08,489,233621.508534034,253.799103139014,0.99999908642284,1,1
1,490,1018,645.04801281495,0.912107623318386,8.27053424634627e-08,490,234266.556546849,254.711210762332,0.999999169128182,1,1
1,491,665,242.91616944829,0.595515695067265,2.94882872564628e-08,491,234509.472716297,255.306726457399,0.999999198616469,1,1
1,492,106,891.446719900705,0.094170403587444,1.02347114006029e-07,492,235400.919436198,255.400896860987,0.999999300963583,1,1
1,493,443,734.390582263004,0.396412556053812,7.90569564257382e-08,493,236135.310018461,255.79730941704,0.99999938002054,1,1
1,494,791,934.359555309638,0.708520179372197,8.81496098337209e-08,494,237069.66957377,256.505829596413,0.99999946817015,1,1
1,495,104,954.929089224897,0.0923766816143498,7.73752579785736e-08,495,238024.598662995,256.598206278027,0.999999545545408,1,1
1,496,727,848.7688850821,0.651121076233184,6.23609460737029e-08,496,238873.367548077,257.24932735426,0.999999607906354,1,1
1,497,602,689.62544759037,0.539013452914798,4.62646911891795e-08,497,239562.992995668,257.788340807175,0.999999654171045,1,1
1,498,1053,892.977306821849,0.943497757847534,5.44285849723991e-08,498,240455.97030249,258.731838565022,0.99999970859963,1,1
1,499,538,830.958315238822,0.481614349775785,4.55270583454848e-08,499,241286.928617728,259.213452914798,0.999999754126688,1,1
1,500,1019,473.747797464021,0.913004484304933,2.32432332269994e-08,500,241760.676415192,260.126457399103,0.999999777369921,1,1
1,501,73,713.080577338114,0.0645739910313902,3.37821420837159e-08,501,242473.756992531,260.191031390135,0.999999811152063,1,1
1,502,632,846.386278080754,0.565919282511211,3.6248242407666e-08,502,243320.143270611,260.756950672646,0.999999847400306,1,1
1,503,37,760.874942147639,0.032286995515695,2.88983278418087e-08,503,244081.018212759,260.789237668161,0.999999876298634,1,1
1,504,634,732.335347819608,0.567713004484305,2.4890614014339e-08,504,244813.353560579,261.356950672646,0.999999901189248,1,1
1,505,1051,711.766834338196,0.94170403587444,1.82056941744335e-08,505,245525.120394917,262.29865470852,0.999999919394942,1,1
1,506,137,823.58740554424,0.121973094170404,2.01820774536898e-08,506,246348.707800461,262.420627802691,0.999999939577019,1,1
1,507,570,886.281325027812,0.510313901345292,1.75903491772544e-08,507,247234.989125489,262.930941704036,0.999999957167369,1,1
1,508,3,414.887152593583,0.00179372197309413,7.2092534164625e-09,508,247649.876278082,262.932735426009,0.999999964376622,1,1
1,509,1022,794.810958309099,0.915695067264574,1.02650093980472e-08,509,248444.687236391,263.848430493274,0.999999974641631,1,1
1,510,12,458.800814629067,0.00986547085201794,4.66703720114481e-09,510,248903.488051021,263.858295964126,0.999999979308669,1,1
1,511,633,463.342345475685,0.566816143497758,3.52360995936607e-09,511,249366.830396496,264.425112107623,0.999999982832279,1,1
1,512,696,587.200289259199,0.623318385650224,3.64482410919464e-09,512,249954.030685755,265.048430493274,0.999999986477103,1,1
1,513,13,680.794929098338,0.010762331838565,2.9937643475364e-09,513,250634.825614854,265.059192825112,0.999999989470867,1,1
1,514,4,884.187229964882,0.00269058295964131,3.42256967211796e-09,514,251519.012844819,265.061883408072,0.999999992893437,1,1
1,515,664,715.55968944449,0.594618834080717,2.53441190256609e-09,515,252234.572534263,265.656502242153,0.999999995427849,1,1
1,516,7,532.824433166534,0.0053811659192825,1.140833316704e-09,516,252767.39696743,265.661883408072,0.999999996568682,1,1
1,517,1084,419.419513596222,0.971300448430493,6.74240774323209e-10,517,253186.816481026,266.633183856502,0.999999997242923,1,1
1,518,991,96.3471088255756,0.887892376681614,1.0772183145491e-10,518,253283.163589851,267.521076233184,0.999999997350644,1,1
1,519,5,941.062611450907,0.00358744394618837,1.03668851281213e-09,519,254224.226201302,267.52466367713,0.999999998387333,1,1
1,520,10,462.048587950412,0.00807174887892381,3.70655173220769e-10,520,254686.274789253,267.532735426009,0.999999998757988,1,1
1,521,1081,398.407941430341,0.968609865470852,2.8486180081444e-10,521,255084.682730683,268.50134529148,0.99999999904285,1,1
1,522,2,790.422084089369,0.000896860986547066,5.17296983026938e-10,522,255875.104814772,268.502242152466,0.999999999560147,1,1
1,523,11,957.265011896379,0.00896860986547088,3.07327496784637e-10,523,256832.369826669,268.511210762332,0.999999999867474,1,1
1,524,9,555.920664321166,0.00717488789237664,5.47119016758302e-11,524,257388.29049099,268.518385650224,0.999999999922186,1,1
1,525,8,893.494853950106,0.00627802690582957,4.56844562179981e-11,525,258281.78534494,268.52466367713,0.999999999967871,1,1
1,526,1050,992.689516954124,0.940807174887892,3.21289661542323e-11,526,259274.474861894,269.465470852018,1,1,1
